<?xml version="1.0" encoding="UTF-8"?>
<project xmlns="http://www.netbeans.org/ns/project/1">
    <type>com.microchip.mplab.nbide.embedded.makeproject</type>
    <configuration>
        <data xmlns="http://www.netbeans.org/ns/make-project/1">
            <name>ibsmon</name>
            <creation-uuid>20c45fae-a745-41e1-b6cc-24314759ae1f</creation-uuid>
            <make-project-type>0</make-project-type>
            <c-extensions>c</c-extensions>
            <cpp-extensions/>
            <header-extensions>h</header-extensions>
            <sourceEncoding>ISO-8859-1</sourceEncoding>
            <asminc-extensions/>
            <make-dep-projects/>
            <sourceRootList>
                <sourceRootElem>..</sourceRootElem>
            </sourceRootList>
            <confList>
                <confElem>
                    <name>default</name>
                    <type>2</type>
                </confElem>
            </confList>
            <formatting>
                <project-formatting-style>false</project-formatting-style>
            </formatting>
        </data>
        <spellchecker-wordlist xmlns="http://www.netbeans.org/ns/spellchecker-wordlist/1">
            <word>ihc</word>
        </spellchecker-wordlist>
    </configuration>
</project>
